<?xml version="1.0" encoding="UTF-8"?>
<!DOCTYPE mapper PUBLIC "-//mybatis.org//DTD Mapper 3.0//EN"
        "http://mybatis.org/dtd/mybatis-3-mapper.dtd">

<mapper namespace="cn.doc.dao.DoctorDao">
    <select id="findPatientByDiseaseDict" parameterType="String" resultType="String">
        SELECT PatientName, ExaminationFinding FROM patientbasicinfos WHERE Gender='女' AND
        HospitalID IN(SELECT InstituteID FROM hospital_record WHERE InstituteName='邵逸夫医院')
        AND PatientID IN (SELECT PatientID FROM d_labeledimage WHERE AreaID IN (SELECT AreaID FROM d_arearoi WHERE
        DiseaseID IN (SELECT DiseaseID FROM diseasedict WHERE DiseaseName= #{diseasename})
        ))
    </select>

    <select id="verifyDoctor" parameterType="String" resultType="String">
        SELECT UserID FROM user WHERE UserName=#{username}
    </select>

    <select id="checkId" parameterType="String" resultType="String">
        SELECT UserName FROM user WHERE UserID=#{userid}
    </select>

    <select id="findPatientByDict" parameterType="String" resultType="Patient">
        SELECT * FROM patientbasicinfos WHERE PatientID IN (SELECT PatientID FROM d_labeledimage WHERE AreaID IN (SELECT AreaID FROM d_arearoi WHERE DiseaseID IN (SELECT DiseaseName FROM diseasedict WHERE DiseaseID=#{diseasename}))) ORDER BY CheckDate desc
    </select>

    <update id="updatePatient" parameterType="String">
        UPDATE patientbasicinfos SET ClinicalDiagnosis=#{clinicaldiagnosis} WHERE PatientName=#{patientname}
    </update>

    <insert id="registerDoctor" parameterType="cn.doc.entity.Doctor">
        INSERT INTO user(userid, departmentid, hospitalid, username, gender, age) VALUES(#{userid}, #{departmentid}, (SELECT InstituteID FROM hospital_record WHERE InstituteName=#{hospitalid}), #{username}, #{gender}, #{age})
    </insert>

    <delete id="deletePatient" parameterType="String">
        DELETE FROM patientbasicinfos WHERE PatientName=#{name}
    </delete>
    <delete id="deleteAnatomyDict" parameterType="String">
        DELETE FROM anatomydict WHERE AnatomyName=#{anatomyname}
    </delete>
</mapper>