<?xml version="1.0" encoding="UTF-8"?>
<!DOCTYPE mapper PUBLIC "-//mybatis.org//DTD Mapper 3.0//EN"
        "http://mybatis.org/dtd/mybatis-3-mapper.dtd">

<mapper namespace="cn.doc.dao.PatientDao">

    <select id="findAll" resultType="cn.doc.entity.Patient">
        SELECT * FROM patientbasicinfos ORDER BY HospitalID asc
    </select>

    <select id="findPatientByName" resultType="cn.doc.entity.Patient" parameterType="String">
        SELECT * FROM patientbasicinfos WHERE PatientName = #{patientname}
    </select>
    <!--这里建表的时候出错了diseaseID与DiseaseName搞反了-->
    <select id="findPatientByDict" resultType="cn.doc.entity.Patient">
        SELECT * FROM patientbasicinfos WHERE PatientID IN (SELECT PatientID FROM d_labeledimage WHERE AreaID IN (SELECT AreaID FROM d_arearoi WHERE DiseaseID IN (SELECT DiseaseName FROM diseasedict WHERE DiseaseID=#{diseasename})))
    </select>

    <select id="countNum" resultType="int" parameterType="String">
        SELECT count(*) FROM patientbasicinfos WHERE PatientID IN (SELECT PatientID FROM d_labeledimage WHERE AreaID IN (SELECT AreaID FROM d_arearoi WHERE DiseaseID IN (SELECT DiseaseName FROM diseasedict WHERE DiseaseID=#{diseasename})))
    </select>

</mapper>