<?xml version="1.0" encoding="UTF-8"?>
<beans xmlns="http://www.springframework.org/schema/beans"
       xmlns:xsi="http://www.w3.org/2001/XMLSchema-instance"
       xmlns:context="http://www.springframework.org/schema/context"
       xmlns:mvc="http://www.springframework.org/schema/mvc"
       xsi:schemaLocation="http://www.springframework.org/schema/beans
       http://www.springframework.org/schema/beans/spring-beans.xsd
       http://www.springframework.org/schema/context
       http://www.springframework.org/schema/context/spring-context.xsd
       http://www.springframework.org/schema/mvc
       http://www.springframework.org/schema/mvc/spring-mvc-3.0.xsd " >

    <!--扫描web相关的bean-->
    <context:component-scan base-package="cn.doc.controller"/>
    <context:component-scan base-package="cn.doc.service"/>

    <!--开启SpringMVC注解模式-->
    <mvc:annotation-driven/>

    <!--静态资源默认servlet配置,这里修改了-->
    <mvc:resources mapping="/static/**" location="/static/"/>
<!--    <mvc:resources mapping="/css/**" location="/css/"/>-->
    <mvc:resources mapping="/js/**" location="/static/plugins/bootstrap-3.4.1-dist/js/"/>


    <!--配置jsp显示ViewResolver-->
    <bean class="org.springframework.web.servlet.view.InternalResourceViewResolver">
        <property name="viewClass" value="org.springframework.web.servlet.view.JstlView"/>
        <!--设置jsp文件的目录位置-->
        <property name="prefix" value="/templates/"/>
        <property name="suffix" value=".jsp"/>

    </bean>

</beans>