InstituteID,InstituteName
001,邵逸夫医院
002,浙江大学医学院第二附属医院
003,宁波大学附属医院
004,上虞人民医院
005,浙江省中医院
006,杭州市第一人民医院
007,台州医院
008,丽水中心医院
009,余姚人民医院
010,宁波李惠利东部医院
011,瑞安人民医院
012,福建省立医院
013,德清医院
014,丽水人民医院
015,山西省人民医院
016,湖州人民医院
017,安贞医院
018,嘉兴市第一医院
019,西安市中心医院
020,龙游县人民医院
021,兰州二院
022,金华市中心医院
023,上海市肿瘤医院宁波病理中心
024,乐清人民医院
